{
  "users": [
    {
      "userId": "21232f297a57a5a743894a0e4a801fc3",
      "userName": "admin",
      "password": "21232f297a57a5a743894a0e4a801fc3",
      "lastUpdate": 1533919492380,
      "roleName": "administrator",
      "disabled": false
    },
    {
      "userId": "05d5c5dfb743a5bd8fd7494fdc9bdb00",
      "userName": "analyst",
      "password": "05d5c5dfb743a5bd8fd7494fdc9bdb00",
      "lastUpdate": 1533919492380,
      "roleName": "analyst",
      "disabled": false
    }
  ],
  "roles": [
    {
      "roleId": "200ceb26807d6bf99fd6f4f0d1ca54d4",
      "roleName": "administrator",
      "lastUpdate": 1533919492382,
      "disabled": false,
      "capabilities": [
        "administration_R",
        "administration_W",
        "administration_X"
      ]
    },
    {
      "roleId": "05d5c5dfb743a5bd8fd7494fdc9bdb00",
      "roleName": "analyst",
      "lastUpdate": 1533919492383,
      "disabled": false,
      "capabilities": []
    }
  ]
}