{"TSDEV_DASH_APP":{"loggedInUser":"admin","loggedInUserId":"21232f297a57a5a743894a0e4a801fc3","capabilities":["administration_R","administration_W","administration_X"],"fileName":"demo"},"TSDEV_DASH_CONTENT":{"width":1600,"height":1100,"backgroundColor":"#ffffff","backgroundImage":"images/background/dashboard_background_image_09.jpg","gridWidth":25,"gridHeight":25,"gridOuterColor":"#000000","gridInnerColor":"#cccccc","showGrid":false,"contentResizable":true,"contentDraggable":true,"selectedWidgetId":"","widgetItems":[{"id":"html-text-widget-1","widgetType":"html-text-widget","width":519,"height":119,"left":10,"top":0,"layerIndex":1,"isVisible":true,"isConfigured":false,"widgetIndex":0,"widgetProperties":{"id":"html-text-widget-1","width":519,"height":119,"layerIndex":1,"dataSet":"<h1>TSDEV DASHBOARD DEMO</h1>","borderWidth":0,"borderColor":"#ffffff","color":"#00ff00"},"borderColor":"#ffffff","borderType":"solid","borderWidth":0,"xOffset":0,"yOffset":0,"radius":120,"rotation":0,"startAngle":0,"endAngle":360,"showTooltips":false,"showInnerLabels":false,"showOuterLabels":false,"innerLabelSize":14,"outerLabelSize":12,"innerLabelColor":"#ffffff","outerLabelColor":"#000000","showLabelLine":false,"labelLineColor":"#000000","showLabelLineDot":false,"labelLineDotRadius":2,"labelLineDotColor":"#000000","outerLabelOffset":5,"strokeWidth":0.7,"strokeColor":"#ffffff","colorRange":["#85c7f1","#549bf1","#3329eb","#0800a2","#000000"],"innerRadius":70,"showLabels":false,"labelSize":12,"labelOffset":0,"chordOpacity":0.2,"bubbleDistance":1,"labelXOffset":0,"labelYOffset":0,"showXAxis":true,"showYAxis":true,"axesOffset":40,"xAxisColor":"#000000","yAxisColor":"#000000","xAxisLabel":"X - Axis","yAxisLabel":"Y - Axis","xAxisLabelSize":14,"yAxisLabelSize":14,"yAxisLabelOffset":15,"xAxisLabelOffset":10,"xAxisLabelColor":"#000000","yAxisLabelColor":"#000000","showReferenceLine":false,"showHorizonalGrid":false,"showVerticalGrid":false,"referenceLineColor":"#000000","referenceLineWidth":1,"xAxisTickLabelRotation":0,"yAxisTickLabelRotation":0,"backgroundColor":"transparent","color":"#00ff00","font":"14px Arial","padding":10,"imageWidth":250,"imageHeight":250,"fontSizeFactor":3,"showWordRotation":true,"dataSet":"<h1>TSDEV DASHBOARD DEMO</h1>"},{"id":"pie-chart-widget-2","widgetType":"pie-chart-widget","width":473,"height":348,"left":25,"top":85,"layerIndex":0,"isVisible":true,"isConfigured":false,"widgetIndex":1,"widgetProperties":{"id":"pie-chart-widget-2","width":473,"height":348,"showInnerLabels":true,"innerLabelSize":9.5,"showOuterLabels":true,"outerLabelSize":14,"outerLabelColor":"#fb9e00","radius":108,"outerLabelOffset":12,"borderWidth":0},"borderColor":"#cccccc","borderType":"solid","borderWidth":0,"showInnerLabels":true,"innerLabelSize":9.5,"showOuterLabels":true,"outerLabelSize":14,"outerLabelColor":"#fb9e00","radius":108,"outerLabelOffset":12},{"id":"grouped-line-chart-widget-3","widgetType":"grouped-line-chart-widget","width":796,"height":371,"left":560,"top":35,"layerIndex":0,"isVisible":true,"isConfigured":false,"widgetIndex":2,"widgetProperties":{"id":"grouped-line-chart-widget-3","width":796,"height":371,"xAxisColor":"#ffffff","yAxisColor":"#ffffff","axesOffset":55,"showHorizontalGrid":true,"showVerticalGrid":true,"xAxisLabelColor":"#dbdf00","yAxisLabelColor":"#ffffff"},"borderColor":"#cccccc","borderType":"solid","borderWidth":1,"xAxisColor":"#ffffff","yAxisColor":"#ffffff","axesOffset":55,"showHorizontalGrid":true,"showVerticalGrid":true,"xAxisLabelColor":"#dbdf00","yAxisLabelColor":"#ffffff"},{"id":"word-cloud-widget-4","widgetType":"word-cloud-widget","width":790,"height":240,"left":610,"top":435,"layerIndex":0,"isVisible":true,"isConfigured":false,"widgetIndex":3,"widgetProperties":{"id":"word-cloud-widget-4","width":790,"height":240,"borderColor":"#73d8ff","borderWidth":0,"fontSizeFactor":6,"showWordRotation":true},"borderColor":"#73d8ff","borderType":"solid","borderWidth":0,"fontSizeFactor":6,"showWordRotation":true},{"id":"html-text-widget-5","widgetType":"html-text-widget","width":219,"height":94,"left":110,"top":435,"layerIndex":1,"isVisible":true,"isConfigured":false,"widgetIndex":4,"widgetProperties":{"id":"html-text-widget-5","width":219,"height":94,"dataSet":"<h3>Lessons learned</h3>","layerIndex":1,"color":"#73d8ff","borderWidth":0},"borderColor":"#cccccc","borderType":"solid","borderWidth":0,"dataSet":"<h3>Lessons learned</h3>","color":"#73d8ff"},{"id":"grouped-bar-chart-widget-6","widgetType":"grouped-bar-chart-widget","width":623,"height":248,"left":10,"top":460,"layerIndex":0,"isVisible":true,"isConfigured":false,"widgetIndex":5,"widgetProperties":{"id":"grouped-bar-chart-widget-6","width":250,"height":250,"showXAxis":false,"showYAxis":false,"xAxisColor":"#ffffff","xAxisLabel":"","xAxisLabelSize":0,"yAxisLabelSize":0,"borderWidth":0},"borderColor":"#cccccc","borderType":"solid","borderWidth":0,"showXAxis":false,"showYAxis":false,"xAxisColor":"#ffffff","xAxisLabel":"","xAxisLabelSize":0,"yAxisLabelSize":0}]},"TSDEV_DASH_LAYERS":{"newLayerName":"Custom Layer","layers":[{"layerName":"Default Layer","layerIndex":0,"layerListIndex":0,"isEditable":true,"isRemovable":false,"isSelected":true}]},"TSDEV_DASH_LAYOUT":{"presentationMode":false,"contentType":"dashboard-creation","administrationNavigation":""},"TSDEV_DASH_TITLE":{"dashboardTitle":"Untitled Dashboard","showOnPresentationMode":true}}
